,v_call,j_call,junction_aa,duplicate_count,prob
1862,TRBV2,TRBJ2-7,CASSDIAQYEQYF,1,0.11390005052089691
3668,TRBV2,TRBJ1-1,CASIQQGADTEAFF,1,0.09294144809246063
591,TRBV2,TRBJ2-1,CASRQGADNEQFF,3,0.09030305594205856
3725,TRBV2,TRBJ1-1,CASQLPGPNTEAFF,1,0.086289182305336
1946,TRBV2,TRBJ2-3,CASSAFPDTQYF,1,0.08011098206043243
4940,TRBV2,TRBJ2-1,CASLREGASNEQFF,3,0.0782075747847557
4919,TRBV2,TRBJ2-7,CASSLAGPSYEQYF,1,0.07787509262561798
1992,TRBV2,TRBJ2-7,CASSKGQIYEQYF,1,0.07698696106672287
3134,TRBV2,TRBJ2-1,CASRLAAYNEQFF,1,0.07548458874225616
20145,TRBV2,TRBJ1-1,CASRQGAQATEAFF,1,0.07516941428184509
3769,TRBV2,TRBJ2-7,CASSLGGPSYEQYF,1,0.07401050627231598
4956,TRBV2,TRBJ2-7,CASSLVGPSYEQYF,1,0.07224498689174652
4368,TRBV2,TRBJ2-7,CASSLVGPSYEQYF,272,0.07224498689174652
233,TRBV2,TRBJ2-7,CASSLVGPSYEQYF,1,0.07224498689174652
6,TRBV2,TRBJ2-7,CASSLVGPSYEQYF,2,0.07081593573093414
2698,TRBV10-3,TRBJ2-1,CAISDARDNEQFF,1,0.06677533686161041
7388,TRBV2,TRBJ2-7,CASSEDIQTYEQYF,1,0.0651710256934166
4546,TRBV2,TRBJ1-1,CASSQDPNTEAFF,2,0.06405773013830185
1925,TRBV2,TRBJ1-2,CASSFRGGADEGYTF,16,0.061520084738731384
4453,TRBV2,TRBJ2-7,CASSLVGPYYEQYF,1,0.061324164271354675
4362,TRBV2,TRBJ2-1,CASSITQDNEQFF,1,0.0609026774764061
4882,TRBV2,TRBJ2-7,CVSSLVGPSYEQYF,1,0.05881185829639435
2451,TRBV2,TRBJ1-2,CASSDKGIDYGYTF,2,0.05868421494960785
3697,TRBV2,TRBJ2-1,CASSFGLYNEQFF,1,0.058089688420295715
3528,TRBV2,TRBJ1-2,CASIRQPSYGYTF,1,0.057296618819236755
3721,TRBV2,TRBJ2-1,CASSRADYNEQFF,1,0.056549571454524994
426,TRBV2,TRBJ1-1,CASSKGQGNTEAFF,1,0.05578073114156723
633,TRBV2,TRBJ2-7,CASSLVGPSYEEYF,1,0.05520470440387726
4677,TRBV2,TRBJ1-2,CASSFRGGADEGYTF,32,0.05460672825574875
1573,TRBV2,TRBJ1-1,CASRLPSNTEAFF,1,0.05460622161626816
2792,TRBV2,TRBJ1-1,CASSEAGVNTEAFF,1,0.05402522534132004
3328,TRBV2,TRBJ1-1,CASKIQGNTEAFF,1,0.053331904113292694
855,TRBV2,TRBJ2-7,CAARDGLIYEQYF,1,0.05257098376750946
5832,TRBV2,TRBJ2-7,CASSLRGSVYEQYF,3,0.051523856818675995
18719,TRBV2,TRBJ2-7,CAQILGQGAYEQYF,1,0.05137565732002258
2207,TRBV10-3,TRBJ2-7,CAISEDDVNEQYF,1,0.051270171999931335
3300,TRBV2,TRBJ2-7,CASQLRDAGSYEQYF,1,0.050715140998363495
119,TRBV2,TRBJ2-7,CASCPGLDYEQYF,1,0.049604639410972595
4697,TRBV2,TRBJ1-1,CASSQGENTEAFF,1,0.04959951341152191
4544,TRBV2,TRBJ1-1,CASSVAGADTEAFF,1,0.04937172681093216
2777,TRBV2,TRBJ1-1,CASSDKGMNTEAFF,1,0.04935590922832489
1595,TRBV2,TRBJ1-2,CASREDREANYGYTF,1,0.049315497279167175
351,TRBV2,TRBJ1-2,CASSFRGGADDGYTF,1,0.0477638766169548
12229,TRBV2,TRBJ1-1,CASRDFPGTQAFF,2,0.04600340127944946
11654,TRBV2,TRBJ1-1,CASSEDRGDTEAFF,1,0.04567518085241318
1507,TRBV2,TRBJ2-7,CASSLQGTYEQYF,1,0.044793352484703064
4452,TRBV2,TRBJ2-7,CASGQRYDYEQYF,1,0.04338960349559784
4802,TRBV10-3,TRBJ2-7,CAISEDDANEQYF,9,0.04329212009906769
55,TRBV2,TRBJ2-7,CASCPGLDYEQYF,2,0.043025776743888855
829,TRBV2,TRBJ2-1,CASRVPRLDEQFF,1,0.042358651757240295
7308,TRBV2,TRBJ1-1,CASSIQEMNTEAFF,2,0.042321108281612396
13401,TRBV2,TRBJ1-1,CASSEWGPDTEAFF,2,0.04204156994819641
2442,TRBV2,TRBJ2-3,CASMGQATDTQYF,1,0.04189767688512802
6094,TRBV10-3,TRBJ1-1,CAIRQQQANTEAFF,1,0.0415666326880455
1607,TRBV2,TRBJ1-1,CASGGGVGNTEAFF,3,0.04100756347179413
660,TRBV2,TRBJ2-1,CASRVPRLDEQFF,1,0.04092960059642792
11394,TRBV10-3,TRBJ1-1,CAISMGGVNTEAFF,1,0.0402161106467247
6133,TRBV2,TRBJ1-2,CASSRPAENYGYTF,1,0.040052615106105804
9078,TRBV2,TRBJ2-1,CASSEAEDNEQFF,1,0.039907507598400116
2596,TRBV2,TRBJ2-1,CASIRRGGTNEQFF,1,0.039423659443855286
4348,TRBV2,TRBJ2-1,CASSERVGNEQFF,1,0.03919180482625961
3172,TRBV2,TRBJ1-2,CASQPQDDYGYTF,1,0.03908907622098923
803,TRBV2,TRBJ1-1,CASQDRDYTEAFF,2,0.038710884749889374
2056,TRBV2,TRBJ1-1,CASSEVSNTEAFF,1,0.0381382554769516
15855,TRBV2,TRBJ1-2,CASSLADFNYGYTF,1,0.037805624306201935
256,TRBV2,TRBJ2-7,CASSPQGGSYEQYF,1,0.037297263741493225
672,TRBV2,TRBJ1-2,CASLKQGGYGYTF,1,0.03702303022146225
11289,TRBV2,TRBJ1-1,CAKYVGVGDTEAFF,2,0.03679733723402023
2759,TRBV10-3,TRBJ2-7,CAISEDDANEQYF,13,0.036713287234306335
80,TRBV2,TRBJ1-1,CASSGAMNTEAFF,1,0.036657266318798065
13393,TRBV2,TRBJ2-2,CFF,1,0.03620440512895584
6902,TRBV2,TRBJ2-1,CASRGQGNNEQFF,1,0.03547181934118271
1598,TRBV2,TRBJ2-1,CASSEAWGNEQFF,1,0.03533085435628891
2063,TRBV2,TRBJ2-7,CASGLAGANTYEQYF,1,0.03530503809452057
1113,TRBV2,TRBJ2-1,CASSEQGAYNEQFF,1,0.034776799380779266
4540,TRBV2,TRBJ2-1,CASRLASYNEQFF,1,0.034731924533843994
788,TRBV2,TRBJ2-4,CASSGTASNIQYF,1,0.0345131978392601
6815,TRBV2,TRBJ1-1,CASSEGGGNTEAFF,1,0.03420671075582504
1,TRBV2,TRBJ2-7,CASTLLGQTYEQYF,1,0.03340442478656769
9592,TRBV2,TRBJ1-2,CASSDGQGYGYTF,2,0.032996952533721924
9131,TRBV2,TRBJ2-7,CASSRDRVRYEQYF,1,0.032991163432598114
6284,TRBV2,TRBJ2-4,CASRLAQAKNIQYF,2,0.03264089673757553
999,TRBV2,TRBJ1-3,CASSVPGNTIYF,1,0.03251871466636658
677,TRBV2,TRBJ2-7,CASSEGDRIYEQYF,1,0.03222134709358215
8619,TRBV2,TRBJ2-7,CASYRDGAYEQYF,3,0.032174497842788696
4613,TRBV2,TRBJ2-1,CASSEASNEQFF,1,0.03178709000349045
8242,TRBV2,TRBJ1-2,CASSLGQSYGYTF,1,0.03150007128715515
1591,TRBV2,TRBJ2-7,CASSLQGTYEQYF,1,0.03130113333463669
21291,TRBV2,TRBJ2-7,CASSDQFSYEQYF,1,0.03128088265657425
3466,TRBV2,TRBJ2-3,CASSPIADTQYF,1,0.031156830489635468
8376,TRBV2,TRBJ2-1,CASSDPGYNEQFF,1,0.030905209481716156
9185,TRBV2,TRBJ2-7,CASMLGSSYEQYF,1,0.03041008859872818
2224,TRBV2,TRBJ1-6,CASKRQGADSPLHF,1,0.030314430594444275
4395,TRBV10-3,TRBJ2-1,CAISFLAGYNEQFF,1,0.030205123126506805
4388,TRBV2,TRBJ2-3,CASSAGGATDTQYF,1,0.03005203604698181
1373,TRBV2,TRBJ2-7,CASSPVGPSYEQYF,1,0.03003324568271637
5037,TRBV10-3,TRBJ2-7,CAISEDDANEQYF,7,0.029799900949001312
14565,TRBV2,TRBJ2-7,CASSRDRSYEQYF,3,0.029761850833892822
1651,TRBV2,TRBJ1-2,CASSGVRGRDYGYTF,1,0.02922748029232025
10982,TRBV2,TRBJ2-1,CASSRLAGDNEQFF,1,0.029015786945819855
4852,TRBV2,TRBJ1-2,CASQGQEDYGYTF,1,0.02843286842107773
1966,TRBV2,TRBJ2-1,CASSLLALNEQFF,1,0.028369776904582977
14352,TRBV2,TRBJ1-2,CASKQGANYGYTF,1,0.02824241667985916
1130,TRBV2,TRBJ2-7,CASSEREMSYEQYF,2,0.027970775961875916
4323,TRBV2,TRBJ2-7,CASYRDRANEQYF,1,0.027770251035690308
5042,TRBV2,TRBJ2-3,CASQQDGDTQYF,1,0.02774941176176071
8171,TRBV2,TRBJ2-7,CASSADSFYEQYF,2,0.027079008519649506
13751,TRBV2,TRBJ1-1,CASSEVRGNTEAFF,1,0.026900410652160645
4961,TRBV10-3,TRBJ2-7,CAISEDDANEQYF,1,0.02677987515926361
2601,TRBV10-3,TRBJ2-7,CAISQRGQYYEQYF,1,0.026476167142391205
780,TRBV2,TRBJ2-1,CASSVQEYNEQFF,2,0.025588534772396088
14187,TRBV2,TRBJ2-7,CASKDRATYEQYF,4,0.025315403938293457
2235,TRBV2,TRBJ2-2,CASRRLAGASNTGELFF,1,0.02467167377471924
13858,TRBV2,TRBJ2-1,CASSQIQASYNEQFF,1,0.024619825184345245
9516,TRBV2,TRBJ2-1,CASSGGQFYNEQFF,1,0.02434048056602478
11248,TRBV2,TRBJ2-7,CASSEGQSSYEQYF,231,0.023878328502178192
4448,TRBV2,TRBJ2-1,CASIRAGDEQFF,1,0.023444652557373047
2797,TRBV2,TRBJ1-5,CASSRDRGDQPQHF,1,0.02342890202999115
13555,TRBV2,TRBJ1-2,CASSEKGDDYGYTF,1,0.023345619440078735
2704,TRBV2,TRBJ2-1,CASSEQGSSYNEQFF,1,0.023269087076187134
2890,TRBV2,TRBJ1-1,CASSAQRNTEAFF,1,0.022972814738750458
19632,TRBV2,TRBJ1-1,CASSELGANTEAFF,4,0.02236521989107132
1561,TRBV2,TRBJ2-1,CAIIQGESYNEQFF,1,0.02190820872783661
1491,TRBV2,TRBJ2-1,CASIMRNEQFF,1,0.021570950746536255
20364,TRBV2,TRBJ1-1,CASSVGQGNTEAFF,1,0.021541543304920197
3700,TRBV2,TRBJ2-1,CASRIRASASYNEQFF,2,0.021272853016853333
1516,TRBV2,TRBJ1-2,CASSAAGTDYGYTF,1,0.02094636857509613
474,TRBV2,TRBJ1-1,CASSPRRQNTEAFF,1,0.020646236836910248
190,TRBV2,TRBJ1-2,CASSDRDALNYGYTF,11,0.02046714723110199
1000,TRBV2,TRBJ2-7,CARGLTASYEQYF,1,0.02021118998527527
3590,TRBV2,TRBJ1-2,CASSEAAIDGYTF,1,0.02015586942434311
12187,TRBV2,TRBJ2-1,CASIQEEQYNEQFF,1,0.019896231591701508
768,TRBV2,TRBJ1-1,CASSEGQLNTEAFF,1,0.01915138214826584
3733,TRBV2,TRBJ2-5,CASIRDRQETQYF,1,0.01897987723350525
689,TRBV2,TRBJ2-7,CASSEGDRIYEQYF,1,0.018729127943515778
8314,TRBV2,TRBJ1-1,CASSEWVNTEAFF,2,0.01856520026922226
997,TRBV2,TRBJ2-7,CVSSEGQSSYEQYF,1,0.017892025411128998
1251,TRBV10-3,TRBJ2-1,CAISERGDNEQFF,1,0.01786951720714569
12837,TRBV2,TRBJ2-1,CASREAAGSNEQFF,4,0.017773576080799103
8157,TRBV2,TRBJ2-1,CASSAVFSYNEQFF,1,0.017752617597579956
874,TRBV2,TRBJ1-1,CASSDQGITEAFF,1,0.017578981816768646
715,TRBV2,TRBJ2-1,CASSEWQGDEQFF,1,0.017414934933185577
17608,TRBV2,TRBJ2-3,CASMVYFTDTQYF,1,0.017386287450790405
1206,TRBV10-3,TRBJ2-7,CAISTGGQAYEQYF,1,0.017325088381767273
6180,TRBV2,TRBJ1-2,CASREGQSYGYTF,2,0.01710250973701477
11297,TRBV2,TRBJ2-7,CASSPRMVYEQYF,1,0.017051659524440765
5938,TRBV10-3,TRBJ1-2,CAISADPNYGYTF,1,0.017028093338012695
4460,TRBV2,TRBJ2-7,CASRPGQGSYEQYF,1,0.017006710171699524
1974,TRBV2,TRBJ2-7,CASSDGGGYEQYF,1,0.01697385311126709
666,TRBV2,TRBJ2-1,CASIGQRGPNEQFF,2,0.01647813618183136
18951,TRBV2,TRBJ1-2,CASSLGQGYGYTF,1,0.016364432871341705
14783,TRBV2,TRBJ1-1,CASSVDGMNTEAFF,1,0.01621527224779129
2386,TRBV10-3,TRBJ2-7,CAISGLAVNEQYF,1,0.0161823108792305
3786,TRBV10-3,TRBJ1-1,CAISGGQNTEAFF,1,0.016128025949001312
276,TRBV2,TRBJ2-7,CASTRALGAYEQYF,1,0.016011983156204224
99,TRBV2,TRBJ1-1,CASSRRGNTEAFF,1,0.01576428860425949
716,TRBV2,TRBJ2-7,CASSEGLWSYEQYF,11,0.015598565340042114
10333,TRBV10-3,TRBJ2-1,CAIKLAASYNEQFF,3,0.015561603009700775
2046,TRBV2,TRBJ2-7,CASFPGPYEQYF,9,0.015474610030651093
2780,TRBV2,TRBJ1-4,CASSRIRDDEKLFF,1,0.015469580888748169
3717,TRBV10-3,TRBJ2-1,CAISPRQNNEQFF,1,0.01511683315038681
3481,TRBV2,TRBJ2-7,CASSPQRVYEQYF,1,0.015009723603725433
337,TRBV2,TRBJ1-2,CASSERVGTADYGYTF,1,0.014926403760910034
531,TRBV2,TRBJ1-5,CASSAGFSNQPQHF,1,0.014909505844116211
311,TRBV10-3,TRBJ2-7,CAIRQGGGSYEQYF,3,0.014653466641902924
4236,TRBV2,TRBJ2-7,CASRGQNYEQYF,1,0.014368690550327301
4239,TRBV10-3,TRBJ1-1,CAISVRANTEAFF,1,0.014366410672664642
2036,TRBV2,TRBJ2-7,CASTEGRGAYEQYF,1,0.014158487319946289
6720,TRBV2,TRBJ2-7,CASKAASYEQYF,1,0.014137469232082367
4449,TRBV2,TRBJ2-7,CASSEAGQGAYEQYF,1,0.014060147106647491
1007,TRBV2,TRBJ2-7,CASRIQTGNEQYF,1,0.013516701757907867
179,TRBV2,TRBJ2-1,CASSPAGNEQFF,3,0.01348826289176941
7428,TRBV2,TRBJ1-1,CASRYRGFTEAFF,1,0.013406626880168915
7596,TRBV2,TRBJ1-2,CASREDNNYGYTF,1,0.013391606509685516
4353,TRBV2,TRBJ2-7,CASSEARGREQYF,1,0.012780547142028809
2951,TRBV2,TRBJ1-1,CASSYKQQMNTEAFF,1,0.012532345950603485
6289,TRBV10-3,TRBJ2-7,CAISGVPRDEQYF,1,0.012350700795650482
4389,TRBV2,TRBJ1-2,CASIGGRVSANYGYTF,1,0.012278348207473755
1034,TRBV10-3,TRBJ2-7,CAISGDRSYEQYF,1,0.012020781636238098
658,TRBV10-3,TRBJ2-7,CAISVDRGPYEQYF,1,0.011865131556987762
1236,TRBV2,TRBJ2-1,CASCQRGSGNEQFF,1,0.011800944805145264
20216,TRBV10-3,TRBJ1-1,CAIRKAGGNTEAFF,1,0.011585421860218048
4589,TRBV2,TRBJ2-3,CASKDRADTDTQYF,1,0.011507786810398102
10937,TRBV2,TRBJ1-3,CASSDPGNTIYF,1,0.011503063142299652
20264,TRBV10-3,TRBJ1-1,CASQQGANTEAFF,1,0.011359035968780518
2716,TRBV2,TRBJ2-1,CASSWTAGNEQFF,1,0.01134634017944336
1156,TRBV2,TRBJ2-7,CASSEGSRDEQYF,1,0.011287860572338104
2553,TRBV10-3,TRBJ1-1,CAISGGGVNTEAFF,1,0.011202901601791382
359,TRBV2,TRBJ2-7,CASSEAGGREQYF,1,0.011118769645690918
4936,TRBV2,TRBJ2-1,CAAERGGGNEQFF,1,0.011099517345428467
899,TRBV10-3,TRBJ2-1,CAISDASYNEQFF,1,0.011085033416748047
13392,TRBV2,TRBJ2-1,CASREGVADEQFF,1,0.010918326675891876
1261,TRBV2,TRBJ2-7,CASYTGVPYEQYF,1,0.010870039463043213
11715,TRBV2,TRBJ2-1,CASRQDNNEQFF,1,0.010760389268398285
18565,TRBV2,TRBJ2-3,CASRGPDTQYF,4,0.010589756071567535
1298,TRBV2,TRBJ1-1,CASKRDRGRTTEAFF,2,0.010375447571277618
10478,TRBV2,TRBJ1-2,CASSEGAVYGYTF,1,0.009982012212276459
6542,TRBV2,TRBJ1-2,CASSPQGQGASNYGYTF,7,0.009792201220989227
4809,TRBV2,TRBJ1-5,CASMVEWNQPQHF,1,0.009749233722686768
6760,TRBV2,TRBJ2-1,CASSVRAGSYNEQFF,1,0.009674571454524994
1637,TRBV2,TRBJ2-3,CASRKAENTDTQYF,1,0.009604789316654205
5966,TRBV10-3,TRBJ1-1,CAISQQGPNTEAFF,1,0.009515590965747833
7337,TRBV2,TRBJ2-4,CASGALQNIQYF,1,0.009488433599472046
6028,TRBV2,TRBJ2-1,CASRGGGNEQFF,1,0.009467922151088715
16789,TRBV2,TRBJ1-1,CASAQLVNTEAFF,1,0.00944557785987854
7988,TRBV2,TRBJ2-7,CASRGLGGTNEQYF,1,0.009328596293926239
3480,TRBV2,TRBJ2-7,CASRKNLIYEQYF,1,0.009253442287445068
1386,TRBV2,TRBJ2-3,CASIKPGSTDTQYF,1,0.009182266891002655
202,TRBV2,TRBJ2-7,CASSEWGGTEQYF,1,0.00913914293050766
4811,TRBV10-3,TRBJ2-1,CATDEGQKDNEQFF,1,0.009048685431480408
7036,TRBV10-3,TRBJ2-4,CAIMAQTSNIQYF,2,0.00898035615682602
3340,TRBV2,TRBJ1-1,CATQPDRGDTEAFF,1,0.008948355913162231
13644,TRBV2,TRBJ2-7,CASKRTQAFYEQYF,1,0.008784174919128418
4726,TRBV2,TRBJ1-2,CASSQQGHNYGYTF,1,0.008732713758945465
3769,TRBV10-3,TRBJ2-1,CAISAFASYNEQFF,1,0.008668959140777588
3067,TRBV2,TRBJ2-7,CASSEADQAYYYEQYF,2,0.008651576936244965
3314,TRBV2,TRBJ1-1,CATRLRGDNTEAFF,1,0.008274443447589874
13967,TRBV2,TRBJ2-7,CACKRTQAFYEQYF,1,0.007901191711425781
11951,TRBV2,TRBJ1-2,CASSTPEFYGYTF,1,0.00787653774023056
2578,TRBV2,TRBJ1-2,CASEGQSYGYTF,1,0.007493659853935242
2086,TRBV10-3,TRBJ1-2,CAISELGGDYGYTF,1,0.007449425756931305
3607,TRBV2,TRBJ1-5,CASSVVPDQPQHF,1,0.007370412349700928
4979,TRBV2,TRBJ2-7,CASRRDAETYEQYF,1,0.007354944944381714
743,TRBV10-3,TRBJ1-1,CAISRDRGTEAFF,1,0.007350623607635498
3133,TRBV2,TRBJ2-3,CASSGDPTDTQYF,1,0.0071225836873054504
2057,TRBV10-3,TRBJ2-1,CAISGGAYNEQFF,1,0.007020540535449982
18816,TRBV2,TRBJ2-1,CASFRRDNEQFF,47,0.0069999173283576965
4683,TRBV2,TRBJ2-7,CASKWGSTYEQYF,1,0.006960786879062653
7997,TRBV2,TRBJ2-1,CASRSIFPSSYNEQFF,1,0.006845921277999878
543,TRBV2,TRBJ1-5,CASSKDSQNQPQHF,1,0.006685107946395874
3115,TRBV10-3,TRBJ2-3,CATRAQDTQYF,1,0.006634093821048737
9351,TRBV2,TRBJ2-1,CASRQELVNEQFF,1,0.006489992141723633
2883,TRBV2,TRBJ2-7,CASSDAGHSYEQYF,1,0.006407678127288818
17806,TRBV10-3,TRBJ2-1,CAIKMDRAYEQFF,1,0.006190776824951172
2706,TRBV2,TRBJ2-1,CASGEGLVNEQFF,3,0.006164044141769409
851,TRBV2,TRBJ2-1,CASSEDRSSYNEQFF,1,0.006141342222690582
2070,TRBV2,TRBJ2-7,CASSEFTGPYEQYF,1,0.006026424467563629
9311,TRBV2,TRBJ1-2,CASSEGQNYGYTF,1,0.005863703787326813
6703,TRBV2,TRBJ2-1,CASRGLADEQFF,1,0.005580544471740723
2429,TRBV10-3,TRBJ2-1,CAISQLGGDEQFF,1,0.005566544830799103
4722,TRBV10-3,TRBJ2-7,CAIEQQGGDEQYF,1,0.0055228546261787415
1503,TRBV2,TRBJ1-1,CVTQPDRGDTEAFF,1,0.005429446697235107
4282,TRBV10-3,TRBJ2-7,CAIRGRVSDEQYF,1,0.005302794277667999
8427,TRBV2,TRBJ2-1,CAMSPDRARNEQFF,1,0.005139537155628204
869,TRBV2,TRBJ1-1,CASSERGGIEAFF,1,0.005125708878040314
2697,TRBV2,TRBJ2-7,CASRGFPYEQYF,2,0.004781126976013184
7478,TRBV2,TRBJ2-3,CASRGLRSDTQYF,1,0.004765748977661133
5022,TRBV2,TRBJ2-1,CASSGVRGNEQFF,2,0.00458410382270813
8789,TRBV10-3,TRBJ1-2,CAIRPGPDYGYTF,1,0.004561491310596466
5256,TRBV2,TRBJ1-2,CASMRDNYGYTF,1,0.00445064902305603
2850,TRBV10-3,TRBJ2-7,CAISDPRDSYEQYF,1,0.004431992769241333
2512,TRBV2,TRBJ2-2,CASSVVFSTGELFF,1,0.004387661814689636
7836,TRBV2,TRBJ1-2,CASRATGPNYGYTF,1,0.004045456647872925
8946,TRBV2,TRBJ2-1,CASVRAGGSYNEQFF,1,0.003951050341129303
4962,TRBV2,TRBJ2-7,CASSRDRTYEQYF,1,0.003833591938018799
959,TRBV2,TRBJ2-3,CAIKRDGADTQYF,2,0.003753282129764557
13579,TRBV2,TRBJ2-1,CASRTGQYNEQFF,1,0.003635801374912262
1841,TRBV2,TRBJ2-1,CASSEALGGFYNEQFF,1,0.0036319196224212646
3660,TRBV2,TRBJ1-5,CASSVQGSNQPQHF,1,0.003613419830799103
9839,TRBV10-3,TRBJ2-3,CAISDGGSDTQYF,3,0.003505416214466095
295,TRBV2,TRBJ2-1,CASSDQRENYNEQFF,1,0.0033285915851593018
10735,TRBV10-3,TRBJ1-1,CAISLVFMNTEAFF,2,0.003298617899417877
9514,TRBV2,TRBJ2-3,CASSEARGDTQYF,1,0.0030869022011756897
9208,TRBV2,TRBJ2-3,CASRLAGGTDTQYF,1,0.002979494631290436
20791,TRBV2,TRBJ2-1,CASSPWGSYNEQFF,8,0.002707242965698242
5625,TRBV2,TRBJ2-1,CASIGGATGFF,1,0.002696581184864044
3043,TRBV2,TRBJ2-7,CASSEGGTAYEQYF,1,0.0023613423109054565
3648,TRBV10-3,TRBJ2-1,CAIRDRVDEQFF,3,0.0021759048104286194
4685,TRBV2,TRBJ2-5,CATMGGVDETQYF,1,0.0019890964031219482
10645,TRBV2,TRBJ2-1,CASSGGLVNEQFF,1,0.001980423927307129
20124,TRBV2,TRBJ2-7,CASKVGQVTYEQYF,1,0.001922793686389923
2975,TRBV2,TRBJ1-2,CASRAAGEDYGYTF,2,0.0018275976181030273
1376,TRBV2,TRBJ2-1,CATSKKPSGAIEQFF,1,0.0018122345209121704
4728,TRBV2,TRBJ1-1,CASRGVGGTEAFF,4,0.0013007000088691711
2944,TRBV2,TRBJ2-7,CASQEGSYEQYF,1,0.0012341514229774475
1536,TRBV2,TRBJ1-2,CASEGQSYGYTF,1,0.0009147971868515015
545,TRBV2,TRBJ2-1,CASSEQGPTNEQFF,2,0.0008943751454353333
1090,TRBV2,TRBJ2-2,CASRVMANTGELFF,1,0.0008147433400154114
18291,TRBV2,TRBJ2-1,CVSFRRDNEQFF,1,0.0006529763340950012
6006,TRBV10-3,TRBJ2-7,CATQAGGPYEQYF,2,0.0004977956414222717
4126,TRBV2,TRBJ2-7,CASSLDRISSYEQYF,1,0.00047907978296279907
593,TRBV2,TRBJ2-5,CASKLLAAQETQYF,2,0.00042960047721862793
2417,TRBV10-3,TRBJ2-7,CAISEQGGNEQYF,1,0.0002498626708984375
1416,TRBV2,TRBJ2-7,CARSVPSYEQYF,1,0.00014398247003555298
8098,TRBV2,TRBJ2-1,CASRDNVNEQFF,1,4.184991121292114e-05
9158,TRBV10-3,TRBJ2-1,CASSRDRGTNEQFF,1,7.189810276031494e-06
